Title,Sold Price,Estimated Low,Estimated High,URL,Price Ratio,Is Script,Category
"""Lost Highway"" Script",195000,200,300,https://www.juliensauctions.com/en/items/1426415/david-lynch-lost-highway-script,650.0,True,Script
"""Ronnie Rocket"" Unfinished Film Screenplays, One Annotated",195000,200,300,https://www.juliensauctions.com/en/items/1426291/david-lynch-ronnie-rocket-unfinished-film-screenplays-one-annotated,650.0,False,Other
"""Mulholland Drive"" Scripts",104000,300,500,https://www.juliensauctions.com/en/items/1426303/david-lynch-mulholland-drive-scripts,208.0,True,Script
Personalized Director's Chair,91000,5000,7000,https://www.juliensauctions.com/en/items/1426306/david-lynch-personalized-director-s-chair,13.0,False,Other
"""Twin Peaks"" Scripts Under ""Northwest Passage"" Title",91000,200,300,https://www.juliensauctions.com/en/items/1426232/david-lynch-twin-peaks-scripts-under-northwest-passage-title,303.3333333333333,True,Script
"""Twin Peaks: Fire Walk With Me"" Scripts",78000,300,500,https://www.juliensauctions.com/en/items/1426349/david-lynch-twin-peaks-fire-walk-with-me-scripts,156.0,True,Script
"""Wild at Heart"" Scripts",58500,300,500,https://www.juliensauctions.com/en/items/1426432/david-lynch-wild-at-heart-scripts,117.0,True,Script
1974 Incense Holder made by Lynch,52000,300,500,https://www.juliensauctions.com/en/items/1426196/david-lynch-1974-incense-holder-made-by-lynch,104.0,False,Other
"Personal 35mm Print of ""Eraserhead""",52000,500,700,https://www.juliensauctions.com/en/items/1426357/david-lynch-personal-35mm-print-of-eraserhead,74.28571428571429,False,Other
James Fee Signed and Gifted Esquire Magazine Monoprint Photo,45500,300,500,https://www.juliensauctions.com/en/items/1426427/david-lynch-james-fee-signed-and-gifted-esquire-magazine-monoprint-photo,91.0,False,Other
"""Twin Peaks: The Return"" Screen-Matched Nuclear Bomb Framed Photo from Gordon Cole's Office",45500,1000,2000,https://www.juliensauctions.com/en/items/1426352/david-lynch-twin-peaks-the-return-screen-matched-nuclear-bomb-framed-photo-from-gordon-cole-s-office,22.75,False,Other
La Marzocco GS/3 Home Espresso Machine (A),45500,2000,3000,https://www.juliensauctions.com/en/items/1426565/david-lynch-la-marzocco-gs-3-home-espresso-machine-a,15.166666666666666,False,Other
"""The Dream of the Bovine"" Unfinished Project Scripts",39000,200,300,https://www.juliensauctions.com/en/items/1426304/david-lynch-the-dream-of-the-bovine-unfinished-project-scripts,130.0,True,Script
"Fernandes Gravity APB-8 8 String Electric Bass, Black",39000,600,800,https://www.juliensauctions.com/en/items/1426204/david-lynch-fernandes-gravity-apb-8-8-string-electric-bass-black,48.75,False,Other
Danny Ferrington Custom Five Neck Console Guitar Designed and Studio Played By David Lynch,39000,2000,3000,https://www.juliensauctions.com/en/items/1426191/david-lynch-danny-ferrington-custom-five-neck-console-guitar-designed-and-studio-played-by-david-lyn,13.0,False,Other
Homemade Figural Head Sculptures,35750,300,500,https://www.juliensauctions.com/en/items/1426385/david-lynch-homemade-figural-head-sculptures,71.5,False,Other
"Pair of ""Lynch/Frost"" Walkie Talkies",32500,200,300,https://www.juliensauctions.com/en/items/1426190/david-lynch-pair-of-lynch-frost-walkie-talkies,108.33333333333333,False,Other
Monumental Steel Easel,32500,500,700,https://www.juliensauctions.com/en/items/1426386/david-lynch-monumental-steel-easel,46.42857142857143,False,Other
"""Twin Peaks"" Black Lodge Style Red Curtain and Zig-Zag Rug",32500,1000,2000,https://www.juliensauctions.com/en/items/1426346/david-lynch-twin-peaks-black-lodge-style-red-curtain-and-zig-zag-rug,16.25,False,Other
Studio Played Photo Matched Parker Fly Electric Guitar and Roland VG-8EX Guitar Synthesizer System,32500,4000,6000,https://www.juliensauctions.com/en/items/1426269/david-lynch-studio-played-photo-matched-parker-fly-electric-guitar-and-roland-vg-8ex-guitar-synthesi,5.416666666666667,False,Other
Leica R6.2 Camera with Halliburton Carrying Case,29250,300,500,https://www.juliensauctions.com/en/items/1426547/david-lynch-leica-r6-2-camera-with-halliburton-carrying-case,58.5,False,Camera
Linhof Master Technika Camera with Halliburton Carrying Case,29250,500,700,https://www.juliensauctions.com/en/items/1426318/david-lynch-linhof-master-technika-camera-with-halliburton-carrying-case,41.785714285714285,False,Camera
Art Studio Chair and Stool,29250,600,800,https://www.juliensauctions.com/en/items/1426236/david-lynch-art-studio-chair-and-stool,36.5625,False,Other
"Hasui Kawase ""Tengu Rock"" Woodblock Print",29250,500,700,https://www.juliensauctions.com/en/items/1426174/david-lynch-hasui-kawase-tengu-rock-woodblock-print,41.785714285714285,False,Other
Transcendental Meditation Items,26000,200,300,https://www.juliensauctions.com/en/items/1426418/david-lynch-transcendental-meditation-items,86.66666666666667,False,Other
"""Twin Peaks: The Return"" Sheriff's Department Lamp",26000,1000,2000,https://www.juliensauctions.com/en/items/1426353/david-lynch-twin-peaks-the-return-sheriff-s-department-lamp,13.0,False,Other
Hollywood Biography and Reference Books with Donald Lynch Inscribed Book,22750,400,600,https://www.juliensauctions.com/en/items/1426316/david-lynch-hollywood-biography-and-reference-books-with-donald-lynch-inscribed-book,37.916666666666664,False,Book
"""Lost Highway"" Luna Lounge Prop Matchbooks",22750,200,300,https://www.juliensauctions.com/en/items/1426279/david-lynch-lost-highway-luna-lounge-prop-matchbooks,75.83333333333333,False,Book
George Nelson Coconut Chair with Ottoman,22750,3000,5000,https://www.juliensauctions.com/en/items/1426361/david-lynch-george-nelson-coconut-chair-with-ottoman,4.55,False,Other
"""Twin Peaks: Fire Walk With Me"" Deer Meadow Sheriff Department Magnetic Decal Prop",22750,300,500,https://www.juliensauctions.com/en/items/1426350/david-lynch-twin-peaks-fire-walk-with-me-deer-meadow-sheriff-department-magnetic-decal-prop,45.5,False,Other
"Man Ray Signed ""Two Hands"" Limited-Edition Print",22750,1000,2000,https://www.juliensauctions.com/en/items/1426540/david-lynch-man-ray-signed-two-hands-limited-edition-print,11.375,False,Other
Laminate Bookshelf and Four End Tables,22750,400,600,https://www.juliensauctions.com/en/items/1426200/david-lynch-laminate-bookshelf-and-four-end-tables,37.916666666666664,False,Book
Conference Table Designed and Built by Lynch with Twelve Chairs,19500,2000,3000,https://www.juliensauctions.com/en/items/1426409/david-lynch-conference-table-designed-and-built-by-lynch-with-twelve-chairs,6.5,False,Other
"Screen-Matched ""Twin Peaks: The Return"" ""Just You and I"" 1980s Epiphone Emperor Hollowbody Electric Guitar, Natural",19500,800,1200,https://www.juliensauctions.com/en/items/1426403/david-lynch-screen-matched-twin-peaks-the-return-just-you-and-i-1980s-epiphone-emperor-hollowbody-el,16.25,False,Other
Andrzej Czerwinski Surrealist Dragon Painting,19500,300,500,https://www.juliensauctions.com/en/items/1426426/david-lynch-andrzej-czerwinski-surrealist-dragon-painting,39.0,False,Other
"James Havard Signed ""Animal Spirits"" Painting",19500,500,700,https://www.juliensauctions.com/en/items/1426197/david-lynch-james-havard-signed-animal-spirits-painting,27.857142857142858,False,Other
Montana Luxus Snakeskin Camera,19500,200,300,https://www.juliensauctions.com/en/items/1426249/david-lynch-montana-luxus-snakeskin-camera,65.0,False,Camera
Three Bone Sculptures,19500,400,600,https://www.juliensauctions.com/en/items/1426618/david-lynch-three-bone-sculptures,32.5,False,Other
Sheet of Handwritten Art Notes,19500,500,700,https://www.juliensauctions.com/en/items/1426598/david-lynch-sheet-of-handwritten-art-notes,27.857142857142858,False,Other
Large Dreamcatcher,19500,50,100,https://www.juliensauctions.com/en/items/1426576/david-lynch-large-dreamcatcher,195.0,False,Other
"Personal 35mm Print of ""Inland Empire""",19500,500,700,https://www.juliensauctions.com/en/items/1426412/david-lynch-personal-35mm-print-of-inland-empire,27.857142857142858,False,Other
David Lynch Designed End Table,19500,400,600,https://www.juliensauctions.com/en/items/1426542/david-lynch-david-lynch-designed-end-table,32.5,False,Other
1982 Fender Rhodes Mark II Eighty-Eight Suitcase Piano with Cabinet,19500,3000,5000,https://www.juliensauctions.com/en/items/1426401/david-lynch-1982-fender-rhodes-mark-ii-eighty-eight-suitcase-piano-with-cabinet,3.9,False,Other
Vincent Bach Selmer Bundy Trumpet,16250,100,200,https://www.juliensauctions.com/en/items/1426465/david-lynch-vincent-bach-selmer-bundy-trumpet,81.25,False,Other
Marek Janusz Signed and Gifted Watercolor Paintings,16250,200,300,https://www.juliensauctions.com/en/items/1426533/david-lynch-marek-janusz-signed-and-gifted-watercolor-paintings,54.166666666666664,False,Other
Salvador Dali Print and Romanoz Signed Drawing,16250,300,500,https://www.juliensauctions.com/en/items/1426256/david-lynch-salvador-dali-print-and-romanoz-signed-drawing,32.5,False,Other
Canon Scoopic 16mm Film Camera with Case,16250,600,800,https://www.juliensauctions.com/en/items/1426307/david-lynch-canon-scoopic-16mm-film-camera-with-case,20.3125,False,Camera
Marilyn Monroe 1956/1980s Rare Large Format Black and White Photograph by Milton H. Greene (A),16250,3000,5000,https://www.juliensauctions.com/en/items/1426254/david-lynch-marilyn-monroe-1956-1980s-rare-large-format-black-and-white-photograph-by-milton-h-green,3.25,False,Other
Five Multi-Drawer Cabinets with Tools and Art Supplies,16250,500,700,https://www.juliensauctions.com/en/items/1426389/david-lynch-five-multi-drawer-cabinets-with-tools-and-art-supplies,23.214285714285715,False,Other
Personally Restored 1940s Paint Drawers from Universal Studios with Cabinet Side Table,16250,300,500,https://www.juliensauctions.com/en/items/1426287/david-lynch-personally-restored-1940s-paint-drawers-from-universal-studios-with-cabinet-side-table,32.5,False,Other
"1940s Supertone Lap Steel Gifted to David by Moby, Shaded Sunburst",16250,400,600,https://www.juliensauctions.com/en/items/1426407/david-lynch-1940s-supertone-lap-steel-gifted-to-david-by-moby-shaded-sunburst,27.083333333333332,False,Other
David Lynch Designed Metal Telephone Stand,16250,1000,2000,https://www.juliensauctions.com/en/items/1426569/david-lynch-david-lynch-designed-metal-telephone-stand,8.125,False,Other
La Marzocco GS/3 Home Espresso Machine (B),16250,2000,3000,https://www.juliensauctions.com/en/items/1426489/david-lynch-la-marzocco-gs-3-home-espresso-machine-b,5.416666666666667,False,Other
"""Lost Highway"" Style Boomerang Sofa",16250,3000,5000,https://www.juliensauctions.com/en/items/1426211/david-lynch-lost-highway-style-boomerang-sofa,3.25,False,Other
Marilyn Monroe 1956/1980s Rare Black and White Photograph by Milton H. Greene (B),16250,3000,5000,https://www.juliensauctions.com/en/items/1426417/david-lynch-marilyn-monroe-1956-1980s-rare-black-and-white-photograph-by-milton-h-greene-b,3.25,False,Other
Four Bushnell Keeler Signed Maritime Paintings,16250,600,800,https://www.juliensauctions.com/en/items/1426383/david-lynch-four-bushnell-keeler-signed-maritime-paintings,20.3125,False,Other
"""Twin Peaks: Fire Walk With Me"" Cannes Film Premiere Briefcase",16250,600,800,https://www.juliensauctions.com/en/items/1426278/david-lynch-twin-peaks-fire-walk-with-me-cannes-film-premiere-briefcase,20.3125,False,Other
Reading Glasses with Ashtrays and Lighters,16250,100,200,https://www.juliensauctions.com/en/items/1426596/david-lynch-reading-glasses-with-ashtrays-and-lighters,81.25,False,Lighting
Bushnell Keeler Signed Surrealist Painting,16250,300,500,https://www.juliensauctions.com/en/items/1426600/david-lynch-bushnell-keeler-signed-surrealist-painting,32.5,False,Other
1980s E-Mu Systems E III Model 6083 Keyboard Sampler Workstation,16250,2000,3000,https://www.juliensauctions.com/en/items/1426331/david-lynch-1980s-e-mu-systems-e-iii-model-6083-keyboard-sampler-workstation,5.416666666666667,False,Other
"Asher Ben Harper Series II Limited Edition Electric Lap Steel, Sunburst",16250,2000,3000,https://www.juliensauctions.com/en/items/1426336/david-lynch-asher-ben-harper-series-ii-limited-edition-electric-lap-steel-sunburst,5.416666666666667,False,Other
"Allison Reimold Signed ""Mulholland Drive"" Naomi Watts and Laura Harring Portrait Paintings",16250,300,500,https://www.juliensauctions.com/en/items/1426302/david-lynch-allison-reimold-signed-mulholland-drive-naomi-watts-and-laura-harring-portrait-paintings,32.5,False,Other
Pair of David Lynch Limited Edition Domeau & Peres Silencio Club Chairs,16250,4000,6000,https://www.juliensauctions.com/en/items/1426559/david-lynch-pair-of-david-lynch-limited-edition-domeau-peres-silencio-club-chairs,2.7083333333333335,False,Other
Taxidermy Deer Heads,16250,200,300,https://www.juliensauctions.com/en/items/1426301/david-lynch-taxidermy-deer-heads,54.166666666666664,False,Other
Four Video Cameras,13000,200,300,https://www.juliensauctions.com/en/items/1426309/david-lynch-four-video-cameras,43.333333333333336,False,Camera
"""Dune"" Production Office Vintage Telephone",13000,300,500,https://www.juliensauctions.com/en/items/1426522/david-lynch-dune-production-office-vintage-telephone,26.0,False,Other
"""Dune"" Production Office Vintage Microphone",13000,200,300,https://www.juliensauctions.com/en/items/1426339/david-lynch-dune-production-office-vintage-microphone,43.333333333333336,False,Other
Signed Posters,13000,200,300,https://www.juliensauctions.com/en/items/1426305/david-lynch-signed-posters,43.333333333333336,False,Poster
Lunchbox with Trinkets,13000,200,300,https://www.juliensauctions.com/en/items/1426446/david-lynch-lunchbox-with-trinkets,43.333333333333336,False,Other
Sterling Silver Tiffany & Co. Cigar Tube and Lighter with Money Clip and Cuff Links,13000,300,500,https://www.juliensauctions.com/en/items/1426235/david-lynch-sterling-silver-tiffany-co-cigar-tube-and-lighter-with-money-clip-and-cuff-links,26.0,False,Lighting
Jewelry Including Tiffany & Co. Cuff Links,13000,500,700,https://www.juliensauctions.com/en/items/1426566/david-lynch-jewelry-including-tiffany-co-cuff-links,18.571428571428573,False,Other
Photography Books (A),13000,300,500,https://www.juliensauctions.com/en/items/1426543/david-lynch-photography-books-a,26.0,False,Book
Brown Leather Art Studio Apron,13000,400,600,https://www.juliensauctions.com/en/items/1426518/david-lynch-brown-leather-art-studio-apron,21.666666666666668,False,Other
"Lynch Signed Amy Lillie ""I Will Build My Church"" Book",13000,300,500,https://www.juliensauctions.com/en/items/1426512/david-lynch-lynch-signed-amy-lillie-i-will-build-my-church-book,26.0,False,Book
Personal Collection Of Record Albums,11700,300,500,https://www.juliensauctions.com/en/items/1426205/david-lynch-personal-collection-of-record-albums,23.4,False,Other
"""Twin Peaks"" Themed Log Lady Mug",11700,100,200,https://www.juliensauctions.com/en/items/1426300/david-lynch-twin-peaks-themed-log-lady-mug,58.5,False,Other
2007 Film Production Slate,11700,200,300,https://www.juliensauctions.com/en/items/1426617/david-lynch-2007-film-production-slate,39.0,False,Other
"""A Clockwork Orange"" UK Film Poster",11700,100,200,https://www.juliensauctions.com/en/items/1426591/david-lynch-a-clockwork-orange-uk-film-poster,58.5,False,Poster
Hans Wegner Style Papa Bear Lounge Chair and Ottoman,11700,4000,6000,https://www.juliensauctions.com/en/items/1426280/david-lynch-hans-wegner-style-papa-bear-lounge-chair-and-ottoman,1.95,False,Other
Film Director Biography Books,11700,250,350,https://www.juliensauctions.com/en/items/1426295/david-lynch-film-director-biography-books,33.42857142857143,False,Book
Handmade Wood Creations,11700,300,500,https://www.juliensauctions.com/en/items/1426281/david-lynch-handmade-wood-creations,23.4,False,Other
Homemade Easel,11700,200,300,https://www.juliensauctions.com/en/items/1426614/david-lynch-homemade-easel,39.0,False,Other
Pyle Megaphone,11700,300,500,https://www.juliensauctions.com/en/items/1426176/david-lynch-pyle-megaphone,23.4,False,Other
Three Vintage-Style Polaroid Cameras,11700,500,700,https://www.juliensauctions.com/en/items/1426594/david-lynch-three-vintage-style-polaroid-cameras,16.714285714285715,False,Camera
Vitra Design Museum Noguchi Freedom Sofa and Ottoman,11700,800,1200,https://www.juliensauctions.com/en/items/1426521/david-lynch-vitra-design-museum-noguchi-freedom-sofa-and-ottoman,9.75,False,Other
"""Eraserhead"" Memorabilia Group with Lynch Signed CDs",11700,200,300,https://www.juliensauctions.com/en/items/1426358/david-lynch-eraserhead-memorabilia-group-with-lynch-signed-cds,39.0,False,Other
Selmer Paris K-Modified 24B Trumpet,11700,300,500,https://www.juliensauctions.com/en/items/1426227/david-lynch-selmer-paris-k-modified-24b-trumpet,23.4,False,Other
La Marzocco GS/3 Home Espresso Machine (C),11700,2000,3000,https://www.juliensauctions.com/en/items/1426296/david-lynch-la-marzocco-gs-3-home-espresso-machine-c,3.9,False,Other
Film T-Shirts,11700,200,300,https://www.juliensauctions.com/en/items/1426380/david-lynch-film-t-shirts,39.0,False,Other
Mid Century Style Hot Pink Velvet Sofa,11700,600,800,https://www.juliensauctions.com/en/items/1426187/david-lynch-mid-century-style-hot-pink-velvet-sofa,14.625,False,Other
Contents of Home Art Studio,11700,300,500,https://www.juliensauctions.com/en/items/1426532/david-lynch-contents-of-home-art-studio,23.4,False,Other
Mazzer Mini Electronic A Commercial Espresso Grinder (B),10400,500,700,https://www.juliensauctions.com/en/items/1426584/david-lynch-mazzer-mini-electronic-a-commercial-espresso-grinder-b,14.857142857142858,False,Other
Art Supplies and Glasses,10400,300,500,https://www.juliensauctions.com/en/items/1426495/david-lynch-art-supplies-and-glasses,20.8,False,Other
Vintage Chrome Dinette Set,10400,300,500,https://www.juliensauctions.com/en/items/1426509/david-lynch-vintage-chrome-dinette-set,20.8,False,Other
Knoll Eero Saarinen Womb Chair with Ottoman,10400,1000,1500,https://www.juliensauctions.com/en/items/1426505/david-lynch-knoll-eero-saarinen-womb-chair-with-ottoman,6.933333333333334,False,Other
Unknown Artist Surrealist Collage (B),10400,300,500,https://www.juliensauctions.com/en/items/1426292/david-lynch-unknown-artist-surrealist-collage-b,20.8,False,Other
Tony Bassett No. 1 Electronics Theremin,10400,200,400,https://www.juliensauctions.com/en/items/1426433/david-lynch-tony-bassett-no-1-electronics-theremin,26.0,False,Other
Personalized Handmade Christmas Stocking and Postcards,10400,200,300,https://www.juliensauctions.com/en/items/1426571/david-lynch-personalized-handmade-christmas-stocking-and-postcards,34.666666666666664,False,Other
Unknown Artist Surrealist Collage (A),10400,300,500,https://www.juliensauctions.com/en/items/1426570/david-lynch-unknown-artist-surrealist-collage-a,20.8,False,Other
Ralph Williamson and Brad Webber Signed Art Photos,10400,100,200,https://www.juliensauctions.com/en/items/1426484/david-lynch-ralph-williamson-and-brad-webber-signed-art-photos,52.0,False,Other
Film Reference and Biography Books,10400,200,300,https://www.juliensauctions.com/en/items/1426315/david-lynch-film-reference-and-biography-books,34.666666666666664,False,Book
Poster Group (B),10400,200,300,https://www.juliensauctions.com/en/items/1426283/david-lynch-poster-group-b,34.666666666666664,False,Poster
Popular Culture and Los Angeles Interest Books,10400,100,200,https://www.juliensauctions.com/en/items/1426248/david-lynch-popular-culture-and-los-angeles-interest-books,52.0,False,Book
Three Bang & Olufsen Beosound Shape Speakers with Four Sets of Covers Featuring Limited Edition David Lynch Art,10400,2500,3500,https://www.juliensauctions.com/en/items/1426333/david-lynch-three-bang-olufsen-beosound-shape-speakers-with-four-sets-of-covers-featuring-limited-ed,2.9714285714285715,False,Other
"Blue Telefunken U47 Microphone with Power Supply, Cables, and Case",10400,2000,4000,https://www.juliensauctions.com/en/items/1426330/david-lynch-blue-telefunken-u47-microphone-with-power-supply-cables-and-case,2.6,False,Other
Three Homemade Tables,10400,300,500,https://www.juliensauctions.com/en/items/1426201/david-lynch-three-homemade-tables,20.8,False,Other
Asian History and Culture Books,10400,200,300,https://www.juliensauctions.com/en/items/1426450/david-lynch-asian-history-and-culture-books,34.666666666666664,False,Book
"""Dune"" Production Office Moviola Film Viewer",10400,500,700,https://www.juliensauctions.com/en/items/1426340/david-lynch-dune-production-office-moviola-film-viewer,14.857142857142858,False,Other
Sony A7R and A7S Cameras with Sony E-mount and Lensbaby Lenses,9100,700,900,https://www.juliensauctions.com/en/items/1426308/david-lynch-sony-a7r-and-a7s-cameras-with-sony-e-mount-and-lensbaby-lenses,10.11111111111111,False,Camera
Osvaldo Borsani for Techno P40 Lounge Chair,9100,2000,3000,https://www.juliensauctions.com/en/items/1426516/david-lynch-osvaldo-borsani-for-techno-p40-lounge-chair,3.033333333333333,False,Other
Homemade Wheeled Cabinet,9100,300,500,https://www.juliensauctions.com/en/items/1426549/david-lynch-homemade-wheeled-cabinet,18.2,False,Other
"""Dumbland"" Boss VT-1 Voice Transformer with Box Set and Studio-Used Microphones",9100,400,600,https://www.juliensauctions.com/en/items/1426511/david-lynch-dumbland-boss-vt-1-voice-transformer-with-box-set-and-studio-used-microphones,15.166666666666666,False,Other
"""Eraserhead"" Behind-The-Scenes Photo Prints",9100,100,200,https://www.juliensauctions.com/en/items/1426220/david-lynch-eraserhead-behind-the-scenes-photo-prints,45.5,False,Other
Transcendental Meditation Books (B),9100,200,300,https://www.juliensauctions.com/en/items/1426421/david-lynch-transcendental-meditation-books-b,30.333333333333332,False,Book
Cornet,9100,200,300,https://www.juliensauctions.com/en/items/1426593/david-lynch-cornet,30.333333333333332,False,Other
"7 Hohner Harmonica-Style Instruments: Four Harmonicas, One Chromonica, One Chromatica, and One Melodica",9100,100,200,https://www.juliensauctions.com/en/items/1426408/david-lynch-7-hohner-harmonica-style-instruments-four-harmonicas-one-chromonica-one-chromatica-and-o,45.5,False,Other
Two Polaroid Cameras with Accessories,9100,200,300,https://www.juliensauctions.com/en/items/1426261/david-lynch-two-polaroid-cameras-with-accessories,30.333333333333332,False,Camera
Japanese Funerary Sculpture and Signed Postcards,9100,200,300,https://www.juliensauctions.com/en/items/1426390/david-lynch-japanese-funerary-sculpture-and-signed-postcards,30.333333333333332,False,Other
Travel Coffee Mugs and Other Items,9100,200,300,https://www.juliensauctions.com/en/items/1426177/david-lynch-travel-coffee-mugs-and-other-items,30.333333333333332,False,Coffee
"Fernandes JG-85S Electric Guitar with Sustainer, Satin Black",9100,500,700,https://www.juliensauctions.com/en/items/1426405/david-lynch-fernandes-jg-85s-electric-guitar-with-sustainer-satin-black,13.0,False,Other
Hasselblad H3D-39 with Case,9100,300,500,https://www.juliensauctions.com/en/items/1426319/david-lynch-hasselblad-h3d-39-with-case,18.2,False,Other
Nude and Erotica Art Books,9100,150,250,https://www.juliensauctions.com/en/items/1426193/david-lynch-nude-and-erotica-art-books,36.4,False,Book
"Bernardaud ""The Boundless Sea"" Visual Narrative Plates with David Lynch Art and Criticism Books",9100,300,500,https://www.juliensauctions.com/en/items/1426391/david-lynch-bernardaud-the-boundless-sea-visual-narrative-plates-with-david-lynch-art-and-criticism-,18.2,False,Book
Handmade Coffee Table,9100,300,500,https://www.juliensauctions.com/en/items/1426558/david-lynch-handmade-coffee-table,18.2,False,Coffee
Poster Group (A),9100,200,300,https://www.juliensauctions.com/en/items/1426345/david-lynch-poster-group-a,30.333333333333332,False,Poster
Berlin Wall Fragment,9100,100,200,https://www.juliensauctions.com/en/items/1426572/david-lynch-berlin-wall-fragment,45.5,False,Other
Group of Ten Vitra Eames Plastic Side RE DSR Chairs,9100,600,800,https://www.juliensauctions.com/en/items/1426528/david-lynch-group-of-ten-vitra-eames-plastic-side-re-dsr-chairs,11.375,False,Other
Day Bed Chaise Lounge,9100,600,800,https://www.juliensauctions.com/en/items/1426597/david-lynch-day-bed-chaise-lounge,11.375,False,Other
Stern J. Bramson Signed Magician Baron La Velle Photo,9100,300,500,https://www.juliensauctions.com/en/items/1426619/david-lynch-stern-j-bramson-signed-magician-baron-la-velle-photo,18.2,False,Other
Paperback Literature Books,9100,200,300,https://www.juliensauctions.com/en/items/1426546/david-lynch-paperback-literature-books,30.333333333333332,False,Book
Longbill Cap and Woodshop Straw Hat,7800,100,200,https://www.juliensauctions.com/en/items/1426557/david-lynch-longbill-cap-and-woodshop-straw-hat,39.0,False,Other
Poster Group (C),7800,200,300,https://www.juliensauctions.com/en/items/1426411/david-lynch-poster-group-c,26.0,False,Poster
"Makala Ukulele, Blue",7800,100,200,https://www.juliensauctions.com/en/items/1426601/david-lynch-makala-ukulele-blue,39.0,False,Other
Transcendental Meditation Books (A),7800,300,500,https://www.juliensauctions.com/en/items/1426173/david-lynch-transcendental-meditation-books-a,15.6,False,Book
Mazzer Mini Electronic A Commercial Espresso Grinder (A),7800,500,700,https://www.juliensauctions.com/en/items/1426238/david-lynch-mazzer-mini-electronic-a-commercial-espresso-grinder-a,11.142857142857142,False,Other
Assorted Wooden Studio Boxes,7800,100,200,https://www.juliensauctions.com/en/items/1426608/david-lynch-assorted-wooden-studio-boxes,39.0,False,Other
Barry Gifford Books,7800,200,300,https://www.juliensauctions.com/en/items/1426263/david-lynch-barry-gifford-books,26.0,False,Book
Gilbert Rhode for Herman Miller Desk,7800,400,600,https://www.juliensauctions.com/en/items/1426293/david-lynch-gilbert-rhode-for-herman-miller-desk,13.0,False,Other
"Studio Played DW 10 Piece Drum Kit with Hardware, Roland Sampling Pad, Kick Tower, and More",7800,2000,3000,https://www.juliensauctions.com/en/items/1426503/david-lynch-studio-played-dw-10-piece-drum-kit-with-hardware-roland-sampling-pad-kick-tower-and-more,2.6,False,Other
Molectron Megaphone,7800,300,500,https://www.juliensauctions.com/en/items/1426536/david-lynch-molectron-megaphone,15.6,False,Other
World Cinema Reference Books,7800,200,300,https://www.juliensauctions.com/en/items/1426317/david-lynch-world-cinema-reference-books,26.0,False,Book
"Hasselblad, Sony, and Pentax Cameras with Accessories",7800,500,700,https://www.juliensauctions.com/en/items/1426320/david-lynch-hasselblad-sony-and-pentax-cameras-with-accessories,11.142857142857142,False,Camera
Gifted Elk Creamer and Lettuce Head Jar with Japanese Tea Ceremony Pot,7800,100,200,https://www.juliensauctions.com/en/items/1426508/david-lynch-gifted-elk-creamer-and-lettuce-head-jar-with-japanese-tea-ceremony-pot,39.0,False,Other
Earthenware Vases,7800,200,300,https://www.juliensauctions.com/en/items/1426476/david-lynch-earthenware-vases,26.0,False,Other
Paint and Tool Box,7800,300,500,https://www.juliensauctions.com/en/items/1426388/david-lynch-paint-and-tool-box,15.6,False,Other
"Four ""Mulholland Drive"" Prop Menus",7800,500,700,https://www.juliensauctions.com/en/items/1426206/david-lynch-four-mulholland-drive-prop-menus,11.142857142857142,False,Other
Five Relco Floor Lamps,7800,200,300,https://www.juliensauctions.com/en/items/1426574/david-lynch-five-relco-floor-lamps,26.0,False,Other
Impressionist and Modern Art Reference Books,7800,300,500,https://www.juliensauctions.com/en/items/1426393/david-lynch-impressionist-and-modern-art-reference-books,15.6,False,Book
Homemade Medium Black Easel,7800,300,500,https://www.juliensauctions.com/en/items/1426615/david-lynch-homemade-medium-black-easel,15.6,False,Other
Sony LaserDisc Player with Personal LaserDisc Collection,7800,300,500,https://www.juliensauctions.com/en/items/1426382/david-lynch-sony-laserdisc-player-with-personal-laserdisc-collection,15.6,False,Other
Early Film Tools,7800,100,200,https://www.juliensauctions.com/en/items/1426265/david-lynch-early-film-tools,39.0,False,Other
"Yamaha Motif 7 Synthesizer Workstation Keyboard with Korg Micro X Synthesizer, Sustain Pedals, and Dual Stand",7800,800,1000,https://www.juliensauctions.com/en/items/1426210/david-lynch-yamaha-motif-7-synthesizer-workstation-keyboard-with-korg-micro-x-synthesizer-sustain-pe,7.8,False,Other
Vixen Horns Megaphone,7800,300,500,https://www.juliensauctions.com/en/items/1426218/david-lynch-vixen-horns-megaphone,15.6,False,Other
Vintage Gracia Nino Classical Guitar,7800,200,400,https://www.juliensauctions.com/en/items/1426436/david-lynch-vintage-gracia-nino-classical-guitar,19.5,False,Other
Four Rustic Log Stools,7800,300,500,https://www.juliensauctions.com/en/items/1426208/david-lynch-four-rustic-log-stools,15.6,False,Other
"10 ""Eraserhead"" VHS Tapes with Vintage Button",7800,300,500,https://www.juliensauctions.com/en/items/1426360/david-lynch-10-eraserhead-vhs-tapes-with-vintage-button,15.6,False,Other
Homemade Two-Tier Work Table,7800,200,300,https://www.juliensauctions.com/en/items/1426550/david-lynch-homemade-two-tier-work-table,26.0,False,Other
Mike Baldridge Gifted Lynch Filmography Print and Le Meurice Restaurant Gifted Limited-Edition Print,7800,100,200,https://www.juliensauctions.com/en/items/1426429/david-lynch-mike-baldridge-gifted-lynch-filmography-print-and-le-meurice-restaurant-gifted-limited-e,39.0,False,Other
Rikhi Ram War Sangam,7800,200,400,https://www.juliensauctions.com/en/items/1426258/david-lynch-rikhi-ram-war-sangam,19.5,False,Other
Cesar Diaz Texas Tremodillo Guitar Effect Pedal,6500,200,400,https://www.juliensauctions.com/en/items/1426479/david-lynch-cesar-diaz-texas-tremodillo-guitar-effect-pedal,16.25,False,Other
Earthquaker Devices Black Lodge Edition Westwood Overdrive Guitar Effects Pedal,6500,100,200,https://www.juliensauctions.com/en/items/1426463/david-lynch-earthquaker-devices-black-lodge-edition-westwood-overdrive-guitar-effects-pedal,32.5,False,Other
Canon 5D Camera with Carrying Case,6500,500,700,https://www.juliensauctions.com/en/items/1426217/david-lynch-canon-5d-camera-with-carrying-case,9.285714285714286,False,Camera
Laminate Desk with Metal Legs,6500,600,800,https://www.juliensauctions.com/en/items/1426455/david-lynch-laminate-desk-with-metal-legs,8.125,False,Other
"""Twin Peaks"" Memorabilia and Blu Ray Group (C)",6500,200,300,https://www.juliensauctions.com/en/items/1426354/david-lynch-twin-peaks-memorabilia-and-blu-ray-group-c,21.666666666666668,False,Other
History and Reference Books,6500,200,300,https://www.juliensauctions.com/en/items/1426449/david-lynch-history-and-reference-books,21.666666666666668,False,Book
Evolution MK-225 C,6500,100,200,https://www.juliensauctions.com/en/items/1426595/david-lynch-evolution-mk-225-c,32.5,False,Other
Bang & Olufsen Beosound 4000 CD and Cassette Player with Speakers,6500,200,400,https://www.juliensauctions.com/en/items/1426334/david-lynch-bang-olufsen-beosound-4000-cd-and-cassette-player-with-speakers,16.25,False,Other
Boosey & Hawkes Imperial 23 Trumpet,6500,200,300,https://www.juliensauctions.com/en/items/1425902/david-lynch-boosey-hawkes-imperial-23-trumpet,21.666666666666668,False,Other
"Two Sets of Photo-Matched Production and Studio-Used Headphones from ""Inland Empire"" and ""The Big Dream""",6500,100,200,https://www.juliensauctions.com/en/items/1426414/david-lynch-two-sets-of-photo-matched-production-and-studio-used-headphones-from-inland-empire-and-t,32.5,False,Other
"""Old Stand""",6500,200,300,https://www.juliensauctions.com/en/items/1426221/david-lynch-old-stand,21.666666666666668,False,Other
David Lynch Designed Rolling Laminate Table,6500,600,800,https://www.juliensauctions.com/en/items/1426541/david-lynch-david-lynch-designed-rolling-laminate-table,8.125,False,Other
Bernina 880 Plus Sewing Machine and Accessories with Travel Cases,6500,2000,3000,https://www.juliensauctions.com/en/items/1426416/david-lynch-bernina-880-plus-sewing-machine-and-accessories-with-travel-cases,2.1666666666666665,False,Other
1980s Bang & Olufsen Home Stereo System,6500,1000,2000,https://www.juliensauctions.com/en/items/1426560/david-lynch-1980s-bang-olufsen-home-stereo-system,3.25,False,Other
"""Mulholland Drive"" Memorabilia",6500,100,200,https://www.juliensauctions.com/en/items/1426553/david-lynch-mulholland-drive-memorabilia,32.5,False,Other
Bushnell Keeler Signed David Lynch Monogram with Nude Women Painting,6500,200,300,https://www.juliensauctions.com/en/items/1426606/david-lynch-bushnell-keeler-signed-david-lynch-monogram-with-nude-women-painting,21.666666666666668,False,Other
Dean Stockwell Signed Collage Art,6500,1000,2000,https://www.juliensauctions.com/en/items/1426513/david-lynch-dean-stockwell-signed-collage-art,3.25,False,Other
Art Show Ephemera Archive,6500,200,300,https://www.juliensauctions.com/en/items/1426251/david-lynch-art-show-ephemera-archive,21.666666666666668,False,Other
Vintage Photo Cameras with Accessories,6500,100,200,https://www.juliensauctions.com/en/items/1426321/david-lynch-vintage-photo-cameras-with-accessories,32.5,False,Camera
Vladimir Kagan Swan Back Sofa,6500,8000,10000,https://www.juliensauctions.com/en/items/1426498/david-lynch-vladimir-kagan-swan-back-sofa,0.65,False,Other
"Handwritten ""Shot to the Head"" Note with Civil War Bullets",6500,200,300,https://www.juliensauctions.com/en/items/1426175/david-lynch-handwritten-shot-to-the-head-note-with-civil-war-bullets,21.666666666666668,False,Other
George Nelson Coconut Chair with Ottoman,6500,2000,4000,https://www.juliensauctions.com/en/items/1426363/david-lynch-george-nelson-coconut-chair-with-ottoman,1.625,False,Other
Piotr Dismas Zdanowics Surrealist Painting and Waone Surrealist Drawing,6500,100,200,https://www.juliensauctions.com/en/items/1426240/david-lynch-piotr-dismas-zdanowics-surrealist-painting-and-waone-surrealist-drawing,32.5,False,Other
Reading Glasses with Vintage Ashtray and Matches,6500,200,300,https://www.juliensauctions.com/en/items/1426376/david-lynch-reading-glasses-with-vintage-ashtray-and-matches,21.666666666666668,False,Other
"""Twin Peaks"" Denim Shirt Crew Gift",6500,200,300,https://www.juliensauctions.com/en/items/1426347/david-lynch-twin-peaks-denim-shirt-crew-gift,21.666666666666668,False,Other
"""Twin Peaks"" Memorabilia and Blu Ray Group (A)",6500,200,300,https://www.juliensauctions.com/en/items/1426348/david-lynch-twin-peaks-memorabilia-and-blu-ray-group-a,21.666666666666668,False,Other
Loose Blue Drawers Set from Woodshop with Tools,6500,200,300,https://www.juliensauctions.com/en/items/1426374/david-lynch-loose-blue-drawers-set-from-woodshop-with-tools,21.666666666666668,False,Other
Vintage Eames DCM Chair,6500,200,400,https://www.juliensauctions.com/en/items/1426602/david-lynch-vintage-eames-dcm-chair,16.25,False,Other
Transcendental Meditation and Theosophy Books,6500,400,600,https://www.juliensauctions.com/en/items/1426225/david-lynch-transcendental-meditation-and-theosophy-books,10.833333333333334,False,Book
Nine Neckties and a Pair of Glasses,6500,200,300,https://www.juliensauctions.com/en/items/1426531/david-lynch-nine-neckties-and-a-pair-of-glasses,21.666666666666668,False,Other
"""Lost Highway"" Memorabilia",6500,200,300,https://www.juliensauctions.com/en/items/1426582/david-lynch-lost-highway-memorabilia,21.666666666666668,False,Other
"""Twin Peaks"" Memorabilia and Blu Ray Group (B)",5850,200,300,https://www.juliensauctions.com/en/items/1426351/david-lynch-twin-peaks-memorabilia-and-blu-ray-group-b,19.5,False,Other
"Diane Ladd and Laura Dern Inscribed First Edition ""Honey, Baby, Mine"" Book",5850,200,300,https://www.juliensauctions.com/en/items/1426188/david-lynch-diane-ladd-and-laura-dern-inscribed-first-edition-honey-baby-mine-book,19.5,False,Book
Festool Power Tools with Systainer Cases,5850,500,700,https://www.juliensauctions.com/en/items/1426366/david-lynch-festool-power-tools-with-systainer-cases,8.357142857142858,False,Other
Sottiletto Queen Bed Frame by Horm,5850,400,600,https://www.juliensauctions.com/en/items/1426362/david-lynch-sottiletto-queen-bed-frame-by-horm,9.75,False,Other
Deer Stags Wingtips,5850,200,300,https://www.juliensauctions.com/en/items/1426587/david-lynch-deer-stags-wingtips,19.5,False,Other
European Art and Architecture Books,5850,500,700,https://www.juliensauctions.com/en/items/1426399/david-lynch-european-art-and-architecture-books,8.357142857142858,False,Book
Poster Group (D),5850,200,300,https://www.juliensauctions.com/en/items/1426430/david-lynch-poster-group-d,19.5,False,Poster
"Personal Collection of ""Blue Velvet"" Related Record Albums",5850,400,600,https://www.juliensauctions.com/en/items/1426341/david-lynch-personal-collection-of-blue-velvet-related-record-albums,9.75,False,Other
Stylophone Pocket Synthesizer,5850,200,400,https://www.juliensauctions.com/en/items/1426461/david-lynch-stylophone-pocket-synthesizer,14.625,False,Other
Pair of Bang & Olufsen Beosound A9 Speakers David Lynch Limited Edition,5850,800,1200,https://www.juliensauctions.com/en/items/1426203/david-lynch-pair-of-bang-olufsen-beosound-a9-speakers-david-lynch-limited-edition,4.875,False,Other
Literary Fiction Books,5850,200,300,https://www.juliensauctions.com/en/items/1426454/david-lynch-literary-fiction-books,19.5,False,Book
Paperback Fiction Books,5850,150,250,https://www.juliensauctions.com/en/items/1426534/david-lynch-paperback-fiction-books,23.4,False,Book
Poster Group (E),5850,200,300,https://www.juliensauctions.com/en/items/1426473/david-lynch-poster-group-e,19.5,False,Poster
Personal Collection of His Own Music and Film Record Albums,5850,400,600,https://www.juliensauctions.com/en/items/1426342/david-lynch-personal-collection-of-his-own-music-and-film-record-albums,9.75,False,Other
"""Twin Peaks"" 19 Issues of ""Wrapped in Plastic"" Magazine",5850,200,300,https://www.juliensauctions.com/en/items/1426207/david-lynch-twin-peaks-19-issues-of-wrapped-in-plastic-magazine,19.5,False,Other
Hoyer Signed Winter Landscape Painting,5850,100,200,https://www.juliensauctions.com/en/items/1426428/david-lynch-hoyer-signed-winter-landscape-painting,29.25,False,Other
Handmade Colorful Table,5850,300,500,https://www.juliensauctions.com/en/items/1426539/david-lynch-handmade-colorful-table,11.7,False,Other
Pin-up and Bombshell Books,5850,150,250,https://www.juliensauctions.com/en/items/1426239/david-lynch-pin-up-and-bombshell-books,23.4,False,Book
Deepak Chopra and Dean Ornish Inscribed Health and Wellness Books,5850,150,250,https://www.juliensauctions.com/en/items/1426419/david-lynch-deepak-chopra-and-dean-ornish-inscribed-health-and-wellness-books,23.4,False,Book
Vintage or Vintage-Inspired Coffee Mugs,5850,100,200,https://www.juliensauctions.com/en/items/1426282/david-lynch-vintage-or-vintage-inspired-coffee-mugs,29.25,False,Coffee
"1930s Western Electric RA-1142 Transmitter Ribbon Microphone In Samuel Goldwyn Case Given to David During ""Dune""",5200,1000,2000,https://www.juliensauctions.com/en/items/1426338/david-lynch-1930s-western-electric-ra-1142-transmitter-ribbon-microphone-in-samuel-goldwyn-case-give,2.6,False,Other
Kalimba and Music Maker Lap Harp w/ Music,5200,100,200,https://www.juliensauctions.com/en/items/1426464/david-lynch-kalimba-and-music-maker-lap-harp-w-music,26.0,False,Other
"""B. Groper's Pork the Beans"" Prop Cans from BlueBOB ""Thank You Judge"" Music Video (A)",5200,300,500,https://www.juliensauctions.com/en/items/1426573/david-lynch-b-groper-s-pork-the-beans-prop-cans-from-bluebob-thank-you-judge-music-video-a,10.4,False,Other
Medical and Historical Reference Books,5200,200,300,https://www.juliensauctions.com/en/items/1426214/david-lynch-medical-and-historical-reference-books,17.333333333333332,False,Book
"""Twin Peaks"" Memorabilia and Blu Ray Group (D)",5200,200,300,https://www.juliensauctions.com/en/items/1426356/david-lynch-twin-peaks-memorabilia-and-blu-ray-group-d,17.333333333333332,False,Other
Author Inscribed Books,5200,1000,2000,https://www.juliensauctions.com/en/items/1426451/david-lynch-author-inscribed-books,2.6,False,Book
"Uncorrected Proof Print of J.I. Baker's ""The Empty Glass"" with Handwritten Post-It Annotations",5200,300,500,https://www.juliensauctions.com/en/items/1426262/david-lynch-uncorrected-proof-print-of-j-i-baker-s-the-empty-glass-with-handwritten-post-it-annotati,10.4,False,Other
Six Vintage Dazor Flying Saucer Lamps,5200,200,300,https://www.juliensauctions.com/en/items/1426475/david-lynch-six-vintage-dazor-flying-saucer-lamps,17.333333333333332,False,Other
Portable Audio Recording Equipment,5200,100,200,https://www.juliensauctions.com/en/items/1426442/david-lynch-portable-audio-recording-equipment,26.0,False,Other
Roland SPD-20 Sampling Pad w/ Manual and Power Supply,5200,100,200,https://www.juliensauctions.com/en/items/1426443/david-lynch-roland-spd-20-sampling-pad-w-manual-and-power-supply,26.0,False,Other
"Luaka Bop Record Label ""Community Library"" Briefcase",5200,200,300,https://www.juliensauctions.com/en/items/1426501/david-lynch-luaka-bop-record-label-community-library-briefcase,17.333333333333332,False,Other
Mid-Century Knoll Sofa,5200,600,800,https://www.juliensauctions.com/en/items/1426186/david-lynch-mid-century-knoll-sofa,6.5,False,Other
Gunlocke Mid-Century Modern Armchair,5200,200,400,https://www.juliensauctions.com/en/items/1426425/david-lynch-gunlocke-mid-century-modern-armchair,13.0,False,Other
Transcendental Meditation and Wellness Books,5200,300,500,https://www.juliensauctions.com/en/items/1426420/david-lynch-transcendental-meditation-and-wellness-books,10.4,False,Book
Group of Six Assorted Stools,5200,300,500,https://www.juliensauctions.com/en/items/1426212/david-lynch-group-of-six-assorted-stools,10.4,False,Other
Woodworking Books,5200,100,200,https://www.juliensauctions.com/en/items/1426497/david-lynch-woodworking-books,26.0,False,Book
Eagle Hand Drum with Beater,5200,100,200,https://www.juliensauctions.com/en/items/1426605/david-lynch-eagle-hand-drum-with-beater,26.0,False,Other
Hardwood Music Tongue Drum with Mallet with Kalimba in Box,5200,100,200,https://www.juliensauctions.com/en/items/1426612/david-lynch-hardwood-music-tongue-drum-with-mallet-with-kalimba-in-box,26.0,False,Other
Rain Stick,5200,100,200,https://www.juliensauctions.com/en/items/1426286/david-lynch-rain-stick,26.0,False,Other
Donato Mancini Signed Large-Scale Dance Painting,5200,500,700,https://www.juliensauctions.com/en/items/1426253/david-lynch-donato-mancini-signed-large-scale-dance-painting,7.428571428571429,False,Other
Vintage Singer Industrial Sewing Machine,5200,500,700,https://www.juliensauctions.com/en/items/1426477/david-lynch-vintage-singer-industrial-sewing-machine,7.428571428571429,False,Other
Coffee Cups with Saucers,5200,200,300,https://www.juliensauctions.com/en/items/1426410/david-lynch-coffee-cups-with-saucers,17.333333333333332,False,Coffee
"""Inland Empire"" Ephemera and Memorabilia, Some Signed",5200,200,300,https://www.juliensauctions.com/en/items/1426413/david-lynch-inland-empire-ephemera-and-memorabilia-some-signed,17.333333333333332,False,Other
Art Reference Books,5200,300,500,https://www.juliensauctions.com/en/items/1426395/david-lynch-art-reference-books,10.4,False,Book
Miscellaneous Art Reference Books,5200,400,600,https://www.juliensauctions.com/en/items/1426394/david-lynch-miscellaneous-art-reference-books,8.666666666666666,False,Book
1970s Ampeg V4 Reverb Guitar Amplifier Head with V-4 Speaker Cabinet,5200,800,1200,https://www.juliensauctions.com/en/items/1426406/david-lynch-1970s-ampeg-v4-reverb-guitar-amplifier-head-with-v-4-speaker-cabinet,4.333333333333333,False,Other
Architecture and Design Books,5200,300,500,https://www.juliensauctions.com/en/items/1426400/david-lynch-architecture-and-design-books,10.4,False,Book
Belleek Pieces,4550,100,200,https://www.juliensauctions.com/en/items/1426299/david-lynch-belleek-pieces,22.75,False,Other
Large Collection of Barware,4550,300,500,https://www.juliensauctions.com/en/items/1426242/david-lynch-large-collection-of-barware,9.1,False,Other
Everyday Dishes,4550,100,200,https://www.juliensauctions.com/en/items/1426563/david-lynch-everyday-dishes,22.75,False,Other
Dainty Teacups and Saucers,4550,200,300,https://www.juliensauctions.com/en/items/1426185/david-lynch-dainty-teacups-and-saucers,15.166666666666666,False,Other
1982 Boss DM-2 Delay Guitar Effect Pedal,4550,200,400,https://www.juliensauctions.com/en/items/1426404/david-lynch-1982-boss-dm-2-delay-guitar-effect-pedal,11.375,False,Other
Contemporary Photography Books,4550,300,500,https://www.juliensauctions.com/en/items/1426325/david-lynch-contemporary-photography-books,9.1,False,Book
Modern Art Reference Books,4550,300,500,https://www.juliensauctions.com/en/items/1426396/david-lynch-modern-art-reference-books,9.1,False,Book
Max Ernst Books,4550,200,300,https://www.juliensauctions.com/en/items/1426592/david-lynch-max-ernst-books,15.166666666666666,False,Book
Mazzer Mini Electronic A Commercial Espresso Grinder (C),4550,500,700,https://www.juliensauctions.com/en/items/1426589/david-lynch-mazzer-mini-electronic-a-commercial-espresso-grinder-c,6.5,False,Other
Colorful Coffee Mugs,4550,100,200,https://www.juliensauctions.com/en/items/1426267/david-lynch-colorful-coffee-mugs,22.75,False,Coffee
Decorative Ceramic Plates,4550,50,100,https://www.juliensauctions.com/en/items/1426470/david-lynch-decorative-ceramic-plates,45.5,False,Other
Gskyer 80mm AZ Space Astronomical Refractor Telescope,4550,300,500,https://www.juliensauctions.com/en/items/1426268/david-lynch-gskyer-80mm-az-space-astronomical-refractor-telescope,9.1,False,Other
Photography Books (C),4550,250,350,https://www.juliensauctions.com/en/items/1426324/david-lynch-photography-books-c,13.0,False,Book
Bushnell Keeler Signed Nude Pastel Painting,4550,300,500,https://www.juliensauctions.com/en/items/1426384/david-lynch-bushnell-keeler-signed-nude-pastel-painting,9.1,False,Other
"Home Video Collection (DVDs, Blu-Rays, VHS, LaserDisc)",4550,100,200,https://www.juliensauctions.com/en/items/1426381/david-lynch-home-video-collection-dvds-blu-rays-vhs-laserdisc,22.75,False,Other
Junior Fire Marshal Ring with Idaho Souvenir and Gifted Piggy Bank,4550,100,200,https://www.juliensauctions.com/en/items/1426222/david-lynch-junior-fire-marshal-ring-with-idaho-souvenir-and-gifted-piggy-bank,22.75,False,Other
MGROLX Megaphone,4550,300,500,https://www.juliensauctions.com/en/items/1426274/david-lynch-mgrolx-megaphone,9.1,False,Other
GoVideo VCR / DVD Combo with David Lynch Interviews on VHS and DVD,4550,100,200,https://www.juliensauctions.com/en/items/1426523/david-lynch-govideo-vcr-dvd-combo-with-david-lynch-interviews-on-vhs-and-dvd,22.75,False,Other
"Lot of Three Synthesizers: Alesis Nanosynth, Gakken SX-150 Mark II, Roland JV-1010",4550,100,200,https://www.juliensauctions.com/en/items/1426437/david-lynch-lot-of-three-synthesizers-alesis-nanosynth-gakken-sx-150-mark-ii-roland-jv-1010,22.75,False,Other
History and Politics Books,4550,100,200,https://www.juliensauctions.com/en/items/1426228/david-lynch-history-and-politics-books,22.75,False,Book
Panasonic and Zenith Camcorders with Accessories,4550,200,300,https://www.juliensauctions.com/en/items/1426310/david-lynch-panasonic-and-zenith-camcorders-with-accessories,15.166666666666666,False,Other
Six Tripods,4550,300,500,https://www.juliensauctions.com/en/items/1426611/david-lynch-six-tripods,9.1,False,Other
Four Tripods with Two Monopods,4550,200,300,https://www.juliensauctions.com/en/items/1426312/david-lynch-four-tripods-with-two-monopods,15.166666666666666,False,Other
"""The Short Films of David Lynch"" DVD Box Set and Vintage Screening Rental Pages",4550,100,200,https://www.juliensauctions.com/en/items/1426567/david-lynch-the-short-films-of-david-lynch-dvd-box-set-and-vintage-screening-rental-pages,22.75,False,Other
"""B. Groper's Pork the Beans"" Prop Cans from BlueBOB ""Thank You Judge"" Music Video (B)",4550,300,500,https://www.juliensauctions.com/en/items/1426472/david-lynch-b-groper-s-pork-the-beans-prop-cans-from-bluebob-thank-you-judge-music-video-b,9.1,False,Other
"""Mr. Coffee"" Coffee Makers",4550,100,200,https://www.juliensauctions.com/en/items/1426245/david-lynch-mr-coffee-coffee-makers,22.75,False,Coffee
Audio Technica Microphones and Accessories,4550,200,300,https://www.juliensauctions.com/en/items/1426481/david-lynch-audio-technica-microphones-and-accessories,15.166666666666666,False,Other
Document or Sheet Music Cabinet on Wheels,4550,400,600,https://www.juliensauctions.com/en/items/1426459/david-lynch-document-or-sheet-music-cabinet-on-wheels,7.583333333333333,False,Other
Personal Collection of 45 RPM Records,4550,300,500,https://www.juliensauctions.com/en/items/1426343/david-lynch-personal-collection-of-45-rpm-records,9.1,False,Other
Photography Reference Books,4550,400,600,https://www.juliensauctions.com/en/items/1426327/david-lynch-photography-reference-books,7.583333333333333,False,Book
Sophie Calle and Tomi Ungerer Inscribed Books,4550,500,700,https://www.juliensauctions.com/en/items/1426452/david-lynch-sophie-calle-and-tomi-ungerer-inscribed-books,6.5,False,Book
"Copy of a Fender Precision Bass, Red",4550,200,300,https://www.juliensauctions.com/en/items/1426434/david-lynch-copy-of-a-fender-precision-bass-red,15.166666666666666,False,Other
Gamechanger Audio Plus Sustain Effect Pedal,4550,100,200,https://www.juliensauctions.com/en/items/1426439/david-lynch-gamechanger-audio-plus-sustain-effect-pedal,22.75,False,Other
David Lynch Books,4550,200,300,https://www.juliensauctions.com/en/items/1426234/david-lynch-david-lynch-books,15.166666666666666,False,Book
Jean-Boris Lacroix Table Lamp,4550,800,1200,https://www.juliensauctions.com/en/items/1426424/david-lynch-jean-boris-lacroix-table-lamp,3.7916666666666665,False,Other
Korg Kaoss Pad 3 Dymanic Effect/Sampler and Kaossilator,4550,400,600,https://www.juliensauctions.com/en/items/1426241/david-lynch-korg-kaoss-pad-3-dymanic-effect-sampler-and-kaossilator,7.583333333333333,False,Other
Festool Chop Saw and Four-Unit Shop Vac Setup,4550,400,600,https://www.juliensauctions.com/en/items/1426365/david-lynch-festool-chop-saw-and-four-unit-shop-vac-setup,7.583333333333333,False,Other
Woodshop Tools and Accessories (A),4550,200,300,https://www.juliensauctions.com/en/items/1426364/david-lynch-woodshop-tools-and-accessories-a,15.166666666666666,False,Other
Homemade Podium,4550,300,500,https://www.juliensauctions.com/en/items/1426270/david-lynch-homemade-podium,9.1,False,Other
James Havard Signed Painting and Two Unidentified Artworks,4550,300,500,https://www.juliensauctions.com/en/items/1426529/david-lynch-james-havard-signed-painting-and-two-unidentified-artworks,9.1,False,Other
Green Velvet Contour Sofa,4550,600,800,https://www.juliensauctions.com/en/items/1426527/david-lynch-green-velvet-contour-sofa,5.6875,False,Other
Pair of Industrial Metal Floor Lamps,4550,800,1200,https://www.juliensauctions.com/en/items/1426423/david-lynch-pair-of-industrial-metal-floor-lamps,3.7916666666666665,False,Other
"2001 Oversized Taschen Coffee Table Book Titled ""Billy Wilder's Some Like It Hot""",4550,200,300,https://www.juliensauctions.com/en/items/1426255/david-lynch-2001-oversized-taschen-coffee-table-book-titled-billy-wilder-s-some-like-it-hot,15.166666666666666,False,Book
Bushnell and David Keeler Signed Nude Artworks,3900,200,300,https://www.juliensauctions.com/en/items/1426284/david-lynch-bushnell-and-david-keeler-signed-nude-artworks,13.0,False,Other
Inca Band Saw (B),3900,200,300,https://www.juliensauctions.com/en/items/1426561/david-lynch-inca-band-saw-b,13.0,False,Other
Woodshop Tools and Accessories (E),3900,200,300,https://www.juliensauctions.com/en/items/1426373/david-lynch-woodshop-tools-and-accessories-e,13.0,False,Other
Paul McCobb Style Mid-Century Modern Lounge Chair,3900,300,500,https://www.juliensauctions.com/en/items/1426577/david-lynch-paul-mccobb-style-mid-century-modern-lounge-chair,7.8,False,Other
Woodshop Tools and Accessories (B),3900,200,300,https://www.juliensauctions.com/en/items/1426367/david-lynch-woodshop-tools-and-accessories-b,13.0,False,Other
"Casio CDP S-100 Keyboard with 88 Keys, Black",3900,400,600,https://www.juliensauctions.com/en/items/1426538/david-lynch-casio-cdp-s-100-keyboard-with-88-keys-black,6.5,False,Other
Golf Clubs,3900,600,800,https://www.juliensauctions.com/en/items/1426445/david-lynch-golf-clubs,4.875,False,Other
Pair of Pioneer CDJ-800MK2 Digital Turntables in Black Road Case,3900,200,400,https://www.juliensauctions.com/en/items/1426510/david-lynch-pair-of-pioneer-cdj-800mk2-digital-turntables-in-black-road-case,9.75,False,Other
"Concrete Tea Pot, Cup, and Platter by FCK Tableware",3900,400,600,https://www.juliensauctions.com/en/items/1426297/david-lynch-concrete-tea-pot-cup-and-platter-by-fck-tableware,6.5,False,Other
Camerimage Annual Volumes,3900,300,500,https://www.juliensauctions.com/en/items/1426209/david-lynch-camerimage-annual-volumes,7.8,False,Other
Moviola 1027C Solid State Tape Reader,3900,100,200,https://www.juliensauctions.com/en/items/1426581/david-lynch-moviola-1027c-solid-state-tape-reader,19.5,False,Other
RCA TV/VCR Combo with Landline Phone,3900,300,500,https://www.juliensauctions.com/en/items/1426580/david-lynch-rca-tv-vcr-combo-with-landline-phone,7.8,False,Other
1980s Electro-Harmonix 16 Second Digital Delay Guitar Effects Pedal,3900,1000,2000,https://www.juliensauctions.com/en/items/1426402/david-lynch-1980s-electro-harmonix-16-second-digital-delay-guitar-effects-pedal,1.95,False,Other
Canes,3900,200,300,https://www.juliensauctions.com/en/items/1426564/david-lynch-canes,13.0,False,Other
Father's Outdoor Related Gear,3900,100,200,https://www.juliensauctions.com/en/items/1426377/david-lynch-father-s-outdoor-related-gear,19.5,False,Other
Homemade Large Black Easel,3900,200,300,https://www.juliensauctions.com/en/items/1426387/david-lynch-homemade-large-black-easel,13.0,False,Other
Art and Eastern Europe Reference Books,3900,250,350,https://www.juliensauctions.com/en/items/1426398/david-lynch-art-and-eastern-europe-reference-books,11.142857142857142,False,Book
Architecture Reference Books,3900,300,500,https://www.juliensauctions.com/en/items/1426526/david-lynch-architecture-reference-books,7.8,False,Book
Design Reference Books,3900,200,300,https://www.juliensauctions.com/en/items/1426194/david-lynch-design-reference-books,13.0,False,Book
Art and Photography Reference Books,3900,300,500,https://www.juliensauctions.com/en/items/1426551/david-lynch-art-and-photography-reference-books,7.8,False,Book
Aaron Curry Signed Original OCMA Award Sculpture,3900,2000,3000,https://www.juliensauctions.com/en/items/1426519/david-lynch-aaron-curry-signed-original-ocma-award-sculpture,1.3,False,Other
Donato Mancini Dance Painting (B),3900,300,500,https://www.juliensauctions.com/en/items/1426184/david-lynch-donato-mancini-dance-painting-b,7.8,False,Other
MadMats Rug,3900,300,500,https://www.juliensauctions.com/en/items/1426514/david-lynch-madmats-rug,7.8,False,Other
Board Games and Puzzles,3900,100,200,https://www.juliensauctions.com/en/items/1426447/david-lynch-board-games-and-puzzles,19.5,False,Other
Lines and Squares Patterned Brown Rug,3900,300,500,https://www.juliensauctions.com/en/items/1426478/david-lynch-lines-and-squares-patterned-brown-rug,7.8,False,Other
Five Vintage Standing Stage Lights,3900,600,800,https://www.juliensauctions.com/en/items/1426246/david-lynch-five-vintage-standing-stage-lights,4.875,False,Lighting
Tea Pots,3900,100,200,https://www.juliensauctions.com/en/items/1426202/david-lynch-tea-pots,19.5,False,Other
Pioneer DJM-800 DJ Mixer with CM Labs Motormix Worksurface,3575,200,400,https://www.juliensauctions.com/en/items/1426259/david-lynch-pioneer-djm-800-dj-mixer-with-cm-labs-motormix-worksurface,8.9375,False,Other
Donato Mancini Dance Painting (A),3575,300,500,https://www.juliensauctions.com/en/items/1426525/david-lynch-donato-mancini-dance-painting-a,7.15,False,Other
"Tan ""David Lynch"" Baseball Caps",3575,100,200,https://www.juliensauctions.com/en/items/1426575/david-lynch-tan-david-lynch-baseball-caps,17.875,False,Other
Artist Inscribed Photography Books (B),3575,700,900,https://www.juliensauctions.com/en/items/1426276/david-lynch-artist-inscribed-photography-books-b,3.9722222222222223,False,Book
Home Recording Studio Lounge Rug,3575,300,500,https://www.juliensauctions.com/en/items/1426288/david-lynch-home-recording-studio-lounge-rug,7.15,False,Other
Artist Inscribed Photography Books (A),3575,600,900,https://www.juliensauctions.com/en/items/1426323/david-lynch-artist-inscribed-photography-books-a,3.9722222222222223,False,Book
Woodworking Books with VHS Tapes and Vintage Magazines,3575,100,200,https://www.juliensauctions.com/en/items/1426375/david-lynch-woodworking-books-with-vhs-tapes-and-vintage-magazines,17.875,False,Book
Woodshop Tools and Accessories (D),3575,200,300,https://www.juliensauctions.com/en/items/1426544/david-lynch-woodshop-tools-and-accessories-d,11.916666666666666,False,Other
Woodshop Tools and Accessories (C),3575,200,300,https://www.juliensauctions.com/en/items/1426370/david-lynch-woodshop-tools-and-accessories-c,11.916666666666666,False,Other
"""The Elephant Man"" 1979 Broadway Window Card with Original Japanese Film Release Program",3575,200,300,https://www.juliensauctions.com/en/items/1426431/david-lynch-the-elephant-man-1979-broadway-window-card-with-original-japanese-film-release-program,11.916666666666666,False,Other
Yellow Bedroom Rug,3575,300,500,https://www.juliensauctions.com/en/items/1426189/david-lynch-yellow-bedroom-rug,7.15,False,Other
Festool Table Router,3575,200,300,https://www.juliensauctions.com/en/items/1426213/david-lynch-festool-table-router,11.916666666666666,False,Other
Bang & Olufsen Beosound 2500 CD and Cassette Player with Speakers,3575,100,200,https://www.juliensauctions.com/en/items/1426494/david-lynch-bang-olufsen-beosound-2500-cd-and-cassette-player-with-speakers,17.875,False,Other
Records Signed to Lynch,3575,200,300,https://www.juliensauctions.com/en/items/1426344/david-lynch-records-signed-to-lynch,11.916666666666666,False,Other
Three Metal-Framed Tables,3575,200,300,https://www.juliensauctions.com/en/items/1426457/david-lynch-three-metal-framed-tables,11.916666666666666,False,Other
"""Twin Peaks"" Related Coffee Mugs",3575,200,300,https://www.juliensauctions.com/en/items/1426586/david-lynch-twin-peaks-related-coffee-mugs,11.916666666666666,False,Coffee
Digitech Talker Guitar Effects Pedal,3575,400,600,https://www.juliensauctions.com/en/items/1426332/david-lynch-digitech-talker-guitar-effects-pedal,5.958333333333333,False,Other
Camera Dolly in Case with Hand Gimbel and Shoulder Mount,3575,400,600,https://www.juliensauctions.com/en/items/1426311/david-lynch-camera-dolly-in-case-with-hand-gimbel-and-shoulder-mount,5.958333333333333,False,Camera
Four Office Tables,3575,200,300,https://www.juliensauctions.com/en/items/1426456/david-lynch-four-office-tables,11.916666666666666,False,Other
Photography Books (D),3575,150,250,https://www.juliensauctions.com/en/items/1426326/david-lynch-photography-books-d,14.3,False,Book
"""Amarcord"" Argentina Film Poster",3575,100,200,https://www.juliensauctions.com/en/items/1426487/david-lynch-amarcord-argentina-film-poster,17.875,False,Poster
Personal Collection Of Classical Record Albums,3575,100,200,https://www.juliensauctions.com/en/items/1426548/david-lynch-personal-collection-of-classical-record-albums,17.875,False,Other
Pair of Guitar Fuzz Pedals Prescription Electronics Yardbox and Vox V829 Tone Bender,3575,200,400,https://www.juliensauctions.com/en/items/1426438/david-lynch-pair-of-guitar-fuzz-pedals-prescription-electronics-yardbox-and-vox-v829-tone-bender,8.9375,True,Script
Pair of Milo Baughman Style Armchairs,3575,800,1200,https://www.juliensauctions.com/en/items/1426198/david-lynch-pair-of-milo-baughman-style-armchairs,2.9791666666666665,False,Other
Assorted Studio Microphones and Accessories,3250,200,300,https://www.juliensauctions.com/en/items/1426337/david-lynch-assorted-studio-microphones-and-accessories,10.833333333333334,False,Other
Isabella Rossellini Books,3250,300,500,https://www.juliensauctions.com/en/items/1426486/david-lynch-isabella-rossellini-books,6.5,False,Book
Personal Collection of Film Soundtrack Record Albums,3250,100,200,https://www.juliensauctions.com/en/items/1426264/david-lynch-personal-collection-of-film-soundtrack-record-albums,16.25,False,Other
Personal Collection Of Jazz Legends Record Albums,3250,200,300,https://www.juliensauctions.com/en/items/1426474/david-lynch-personal-collection-of-jazz-legends-record-albums,10.833333333333334,False,Other
"Three Guitar Effects Pedals: Chuck Collins Harmonic Percolator, Electro-Harmonix Nano Holy Grail Reverb, Ibanez PHAT-HED Bass Overdrive, Plus Power Supply",3250,100,200,https://www.juliensauctions.com/en/items/1426271/david-lynch-three-guitar-effects-pedals-chuck-collins-harmonic-percolator-electro-harmonix-nano-holy,16.25,False,Other
Tabletop / Desk Lamps,3250,100,200,https://www.juliensauctions.com/en/items/1426229/david-lynch-tabletop-desk-lamps,16.25,False,Other
Science and Economics Books,3250,200,300,https://www.juliensauctions.com/en/items/1426260/david-lynch-science-and-economics-books,10.833333333333334,False,Book
"""Twin Peaks"" Style Bowls",3250,100,200,https://www.juliensauctions.com/en/items/1426355/david-lynch-twin-peaks-style-bowls,16.25,False,Other
"""The Straight Story"" Script with Memorabilia",3250,200,300,https://www.juliensauctions.com/en/items/1426285/david-lynch-the-straight-story-script-with-memorabilia,10.833333333333334,True,Script
Mishka Bochkarev and Natasha Ovramenko Signed War in Ukraine Print,3250,200,300,https://www.juliensauctions.com/en/items/1426226/david-lynch-mishka-bochkarev-and-natasha-ovramenko-signed-war-in-ukraine-print,10.833333333333334,False,Other
Performax Drum Sander,3250,300,500,https://www.juliensauctions.com/en/items/1426554/david-lynch-performax-drum-sander,6.5,False,Other
Husky Case with Power Tools,3250,300,500,https://www.juliensauctions.com/en/items/1426372/david-lynch-husky-case-with-power-tools,6.5,False,Other
David Lynch Foundation Ephemera,3250,100,200,https://www.juliensauctions.com/en/items/1426422/david-lynch-david-lynch-foundation-ephemera,16.25,False,Other
Agazzani Band Saw,3250,300,500,https://www.juliensauctions.com/en/items/1426488/david-lynch-agazzani-band-saw,6.5,False,Other
Photography Books (B),3250,200,300,https://www.juliensauctions.com/en/items/1426275/david-lynch-photography-books-b,10.833333333333334,False,Book
"Black ""David Lynch"" Baseball Caps",3250,100,200,https://www.juliensauctions.com/en/items/1426568/david-lynch-black-david-lynch-baseball-caps,16.25,False,Other
Antares AVP 1 Rackmount Vocal Producer,3250,100,200,https://www.juliensauctions.com/en/items/1426230/david-lynch-antares-avp-1-rackmount-vocal-producer,16.25,False,Other
Red Kitchenware Items,3250,100,200,https://www.juliensauctions.com/en/items/1426467/david-lynch-red-kitchenware-items,16.25,False,Other
General Art Reference Books,3250,500,700,https://www.juliensauctions.com/en/items/1426392/david-lynch-general-art-reference-books,4.642857142857143,False,Book
"Music, Microphone, and Guitar Stands from Asymmetrical Studio",2925,100,200,https://www.juliensauctions.com/en/items/1426496/david-lynch-music-microphone-and-guitar-stands-from-asymmetrical-studio,14.625,False,Other
Digitech Whammy 4 Effects Pedal with Adapter,2925,100,200,https://www.juliensauctions.com/en/items/1426462/david-lynch-digitech-whammy-4-effects-pedal-with-adapter,14.625,False,Other
C-Stands,2925,100,200,https://www.juliensauctions.com/en/items/1426247/david-lynch-c-stands,14.625,False,Other
Hollywood Mercedes-Benz Metal License Plate Frame,2925,200,300,https://www.juliensauctions.com/en/items/1426524/david-lynch-hollywood-mercedes-benz-metal-license-plate-frame,9.75,False,Other
Rek-O-Kut P43C Record Player,2925,200,400,https://www.juliensauctions.com/en/items/1426515/david-lynch-rek-o-kut-p43c-record-player,7.3125,False,Other
Bang & Olufsen BeoSound 2000 CD/Casette Player,2925,100,200,https://www.juliensauctions.com/en/items/1426607/david-lynch-bang-olufsen-beosound-2000-cd-casette-player,14.625,False,Other
Lot of Four (4) Simon Systems CB-4 Headphone Cue Boxes with LiveWire Direct Box,2925,200,400,https://www.juliensauctions.com/en/items/1426588/david-lynch-lot-of-four-4-simon-systems-cb-4-headphone-cue-boxes-with-livewire-direct-box,7.3125,False,Other
Lowel Pro Lighting Kit,2925,100,200,https://www.juliensauctions.com/en/items/1426244/david-lynch-lowel-pro-lighting-kit,14.625,False,Lighting
Orange Rug,2925,300,500,https://www.juliensauctions.com/en/items/1426504/david-lynch-orange-rug,5.85,False,Other
"""Eraserhead"" Five Rare Original Soundtrack Records with Vintage Button",2925,300,500,https://www.juliensauctions.com/en/items/1426359/david-lynch-eraserhead-five-rare-original-soundtrack-records-with-vintage-button,5.85,False,Other
Two Ironing Boards,2925,100,200,https://www.juliensauctions.com/en/items/1426490/david-lynch-two-ironing-boards,14.625,False,Other
1930s WPA Theatrical Scrapbook,2925,100,200,https://www.juliensauctions.com/en/items/1426483/david-lynch-1930s-wpa-theatrical-scrapbook,14.625,False,Book
Black Industrial Floor Lamp,2925,200,400,https://www.juliensauctions.com/en/items/1426199/david-lynch-black-industrial-floor-lamp,7.3125,False,Other
Inca Band Saw (A),2925,200,300,https://www.juliensauctions.com/en/items/1426499/david-lynch-inca-band-saw-a,9.75,False,Other
Galien-Krueger 200RB Bass Amplifier Head w/ Grey Carpet Speaker Cabinet,2925,200,400,https://www.juliensauctions.com/en/items/1426520/david-lynch-galien-krueger-200rb-bass-amplifier-head-w-grey-carpet-speaker-cabinet,7.3125,False,Other
MXR Distortion II Guitar Effect Pedal,2925,200,400,https://www.juliensauctions.com/en/items/1426257/david-lynch-mxr-distortion-ii-guitar-effect-pedal,7.3125,False,Other
Skateboard Deck,2925,200,300,https://www.juliensauctions.com/en/items/1426603/david-lynch-skateboard-deck,9.75,False,Other
Berlin University Press Art Reference Book Box Sets,2925,300,500,https://www.juliensauctions.com/en/items/1426506/david-lynch-berlin-university-press-art-reference-book-box-sets,5.85,False,Book
Contemporary Art Reference Books,2925,200,300,https://www.juliensauctions.com/en/items/1426397/david-lynch-contemporary-art-reference-books,9.75,False,Book
Vintage-Inspired Personal Mini Fans,2925,100,200,https://www.juliensauctions.com/en/items/1426215/david-lynch-vintage-inspired-personal-mini-fans,14.625,False,Other
Fabric Reams and Yardages,2925,100,200,https://www.juliensauctions.com/en/items/1426482/david-lynch-fabric-reams-and-yardages,14.625,False,Other
Panasonic DMP-BD50 Blu-Ray Player and AIWA MX100 VCR,2925,200,300,https://www.juliensauctions.com/en/items/1426223/david-lynch-panasonic-dmp-bd50-blu-ray-player-and-aiwa-mx100-vcr,9.75,False,Other
Fog Machine,2925,100,200,https://www.juliensauctions.com/en/items/1426562/david-lynch-fog-machine,14.625,False,Other
Vintage-Inspired Stainless Kitchenware,2600,300,500,https://www.juliensauctions.com/en/items/1426298/david-lynch-vintage-inspired-stainless-kitchenware,5.2,False,Other
Collection of Brilliantware,2600,200,300,https://www.juliensauctions.com/en/items/1426231/david-lynch-collection-of-brilliantware,8.666666666666666,False,Other
Panasonic AG 1730 Hi-Fi MTS VCR and Cinea SV300 DVD Player,2600,100,200,https://www.juliensauctions.com/en/items/1426273/david-lynch-panasonic-ag-1730-hi-fi-mts-vcr-and-cinea-sv300-dvd-player,13.0,False,Other
Keurig Coffee Makers,2600,100,200,https://www.juliensauctions.com/en/items/1426502/david-lynch-keurig-coffee-makers,13.0,False,Coffee
1980s DOD Flanger 670 Guitar Effect Pedal,2600,200,400,https://www.juliensauctions.com/en/items/1426195/david-lynch-1980s-dod-flanger-670-guitar-effect-pedal,6.5,False,Other
Art and Culture of France Books,2600,250,350,https://www.juliensauctions.com/en/items/1426252/david-lynch-art-and-culture-of-france-books,7.428571428571429,False,Book
Decorative Ceramic Items,2600,300,500,https://www.juliensauctions.com/en/items/1426469/david-lynch-decorative-ceramic-items,5.2,False,Other
"Limited Edition ""Balthus: The Last Studies"" Book",2600,200,300,https://www.juliensauctions.com/en/items/1426237/david-lynch-limited-edition-balthus-the-last-studies-book,8.666666666666666,False,Book
Bang & Olufsen 65-inch BeoVision Eclipse TV Set,2600,1000,2000,https://www.juliensauctions.com/en/items/1426517/david-lynch-bang-olufsen-65-inch-beovision-eclipse-tv-set,1.3,False,Other
"""Wild at Heart"" Memorabilia",2600,200,300,https://www.juliensauctions.com/en/items/1426491/david-lynch-wild-at-heart-memorabilia,8.666666666666666,False,Other
Powermatic Drill Press,2600,300,500,https://www.juliensauctions.com/en/items/1426172/david-lynch-powermatic-drill-press,5.2,False,Other
Two Mirrors,2600,50,100,https://www.juliensauctions.com/en/items/1426537/david-lynch-two-mirrors,26.0,False,Other
Glass Vases,2600,100,200,https://www.juliensauctions.com/en/items/1426471/david-lynch-glass-vases,13.0,False,Other
Five Vintage Stage Lights,2600,400,600,https://www.juliensauctions.com/en/items/1426243/david-lynch-five-vintage-stage-lights,4.333333333333333,False,Lighting
Presidential Collectors Spoons,2600,50,100,https://www.juliensauctions.com/en/items/1426178/david-lynch-presidential-collectors-spoons,26.0,False,Other
Two Sets of Headphones by Bang & Olufsen and Sennheiser,2600,100,200,https://www.juliensauctions.com/en/items/1426335/david-lynch-two-sets-of-headphones-by-bang-olufsen-and-sennheiser,13.0,False,Other
Decorative Red Glass Bowl,2600,100,200,https://www.juliensauctions.com/en/items/1426468/david-lynch-decorative-red-glass-bowl,13.0,False,Other
Art Periodicals,2275,100,200,https://www.juliensauctions.com/en/items/1426224/david-lynch-art-periodicals,11.375,False,Other
"Limited Edition Sandro Miller ""Raw: Steppenwolf"" Photography Book",2275,150,250,https://www.juliensauctions.com/en/items/1426530/david-lynch-limited-edition-sandro-miller-raw-steppenwolf-photography-book,9.1,False,Book
Lynch Family Coat of Arms Mugs with Magnet,2275,300,500,https://www.juliensauctions.com/en/items/1426500/david-lynch-lynch-family-coat-of-arms-mugs-with-magnet,4.55,False,Other
Three Festool Shop Tables,2275,300,500,https://www.juliensauctions.com/en/items/1426180/david-lynch-three-festool-shop-tables,4.55,False,Other
Three Sets of Saw Horses,2275,200,300,https://www.juliensauctions.com/en/items/1426599/david-lynch-three-sets-of-saw-horses,7.583333333333333,False,Other
Small Colorful Glassware,2275,100,200,https://www.juliensauctions.com/en/items/1426492/david-lynch-small-colorful-glassware,11.375,False,Other
Huge Terracotta Salad Bowls,2275,100,200,https://www.juliensauctions.com/en/items/1426507/david-lynch-huge-terracotta-salad-bowls,11.375,False,Other
Bang & Olufsen Beosound 8 iPod Dock and Stereo System,2275,200,400,https://www.juliensauctions.com/en/items/1426277/david-lynch-bang-olufsen-beosound-8-ipod-dock-and-stereo-system,5.6875,False,Other
"Bad Cat The Leash Guitar Amplifier Attenuator, Black",2275,200,400,https://www.juliensauctions.com/en/items/1426329/david-lynch-bad-cat-the-leash-guitar-amplifier-attenuator-black,5.6875,False,Other
Car and Automotive Books,2275,300,500,https://www.juliensauctions.com/en/items/1426448/david-lynch-car-and-automotive-books,4.55,False,Book
"ICOM IC-R9000 HF/VHF/UHF Receiver and Scanner, ICOM SP-20 Base Station Speaker, and Hafler P3000 Power Amp",2275,800,1200,https://www.juliensauctions.com/en/items/1426440/david-lynch-icom-ic-r9000-hf-vhf-uhf-receiver-and-scanner-icom-sp-20-base-station-speaker-and-hafler,1.8958333333333333,False,Other
Pair of Gorilla GB-30 Bass Guitar Amplifiers,2275,100,200,https://www.juliensauctions.com/en/items/1426435/david-lynch-pair-of-gorilla-gb-30-bass-guitar-amplifiers,11.375,False,Other
"Concept Presentations for the ""David Lynch Film Academy""",2275,100,200,https://www.juliensauctions.com/en/items/1426266/david-lynch-concept-presentations-for-the-david-lynch-film-academy,11.375,False,Other
Ikan iLED 2-Point Light Kit,2275,400,600,https://www.juliensauctions.com/en/items/1426480/david-lynch-ikan-iled-2-point-light-kit,3.7916666666666665,False,Lighting
Dual Halogen Work Lights with Additional Lighting Equipment,2275,200,300,https://www.juliensauctions.com/en/items/1426585/david-lynch-dual-halogen-work-lights-with-additional-lighting-equipment,7.583333333333333,False,Lighting
Soren Solkaer Starbird Inscribed Photography Book with Photo Portrait,2275,600,900,https://www.juliensauctions.com/en/items/1426322/david-lynch-soren-solkaer-starbird-inscribed-photography-book-with-photo-portrait,2.5277777777777777,False,Book
Tiled Table and Side Table,2275,300,500,https://www.juliensauctions.com/en/items/1426604/david-lynch-tiled-table-and-side-table,4.55,False,Other
Bamboo Rug,2275,100,200,https://www.juliensauctions.com/en/items/1426609/david-lynch-bamboo-rug,11.375,False,Other
Donald Lynch Violin Shaping Mold,1950,100,200,https://www.juliensauctions.com/en/items/1426583/david-lynch-donald-lynch-violin-shaping-mold,9.75,False,Other
Vintage Halliwell Violet Ray Medical Quack Device,1950,200,300,https://www.juliensauctions.com/en/items/1426294/david-lynch-vintage-halliwell-violet-ray-medical-quack-device,6.5,False,Other
1970s Ampeg V-4 Speaker Cabinet,1950,400,600,https://www.juliensauctions.com/en/items/1426460/david-lynch-1970s-ampeg-v-4-speaker-cabinet,3.25,False,Other
Concept2 BikeErg with PM5 Exercise Bike,1950,100,200,https://www.juliensauctions.com/en/items/1426458/david-lynch-concept2-bikeerg-with-pm5-exercise-bike,9.75,False,Other
Pair of Electro Voice PA Speakers SH-1512ER Two Way Speakers,1950,200,400,https://www.juliensauctions.com/en/items/1426328/david-lynch-pair-of-electro-voice-pa-speakers-sh-1512er-two-way-speakers,4.875,False,Other
Inca Table Saw (B),1950,200,300,https://www.juliensauctions.com/en/items/1426369/david-lynch-inca-table-saw-b,6.5,False,Other
Two Crates of Lighting Equipment,1950,200,300,https://www.juliensauctions.com/en/items/1426535/david-lynch-two-crates-of-lighting-equipment,6.5,False,Lighting
Light Meters and Quasar Science LED Kit with Carrying Cases,1950,500,700,https://www.juliensauctions.com/en/items/1426616/david-lynch-light-meters-and-quasar-science-led-kit-with-carrying-cases,2.7857142857142856,False,Lighting
Circa Early 1970s Electric Espresso Maker,1950,50,100,https://www.juliensauctions.com/en/items/1426289/david-lynch-circa-early-1970s-electric-espresso-maker,19.5,False,Other
Dinner Plates,1950,50,100,https://www.juliensauctions.com/en/items/1426182/david-lynch-dinner-plates,19.5,False,Other
Twin Bed Frame,1950,400,600,https://www.juliensauctions.com/en/items/1426545/david-lynch-twin-bed-frame,3.25,False,Other
Assorted Patio Furniture,1950,300,500,https://www.juliensauctions.com/en/items/1426219/david-lynch-assorted-patio-furniture,3.9,False,Other
Two Jet Sanders,1950,300,500,https://www.juliensauctions.com/en/items/1426371/david-lynch-two-jet-sanders,3.9,False,Other
Inca Table Saw (A),1950,200,300,https://www.juliensauctions.com/en/items/1426368/david-lynch-inca-table-saw-a,6.5,False,Other
Excalibur Scroll Saw,1950,200,300,https://www.juliensauctions.com/en/items/1426181/david-lynch-excalibur-scroll-saw,6.5,False,Other
General International Spindle Sander,1950,200,300,https://www.juliensauctions.com/en/items/1426552/david-lynch-general-international-spindle-sander,6.5,False,Other
Sennheiser RS 195 Headphones,1950,100,200,https://www.juliensauctions.com/en/items/1426493/david-lynch-sennheiser-rs-195-headphones,9.75,False,Other
Bang & Olufsen Beoplay M5 Connected Speaker,1950,100,200,https://www.juliensauctions.com/en/items/1426578/david-lynch-bang-olufsen-beoplay-m5-connected-speaker,9.75,False,Other
APC Smart-UPS 1500 Battery Backup plus Emulex 355 SAN Storage Switch for MAC,1625,100,200,https://www.juliensauctions.com/en/items/1426444/david-lynch-apc-smart-ups-1500-battery-backup-plus-emulex-355-san-storage-switch-for-mac,8.125,False,Other
Two Air Compressors and Two Fans,1625,200,300,https://www.juliensauctions.com/en/items/1426610/david-lynch-two-air-compressors-and-two-fans,5.416666666666667,False,Other
Lighting System Concept Samples,1625,100,200,https://www.juliensauctions.com/en/items/1426314/david-lynch-lighting-system-concept-samples,8.125,False,Lighting
Casual Serving Platters,1625,50,100,https://www.juliensauctions.com/en/items/1426466/david-lynch-casual-serving-platters,16.25,False,Other
"SONOS Play:3 Wireless Speaker, Rainbow",1625,100,200,https://www.juliensauctions.com/en/items/1426441/david-lynch-sonos-play-3-wireless-speaker-rainbow,8.125,False,Other
Multico Drill Press,1625,100,200,https://www.juliensauctions.com/en/items/1426555/david-lynch-multico-drill-press,8.125,False,Other
Industrial Shop Vacuum,1625,200,300,https://www.juliensauctions.com/en/items/1426556/david-lynch-industrial-shop-vacuum,5.416666666666667,False,Other
"Socks for ""Bobby""",1625,100,200,https://www.juliensauctions.com/en/items/1426233/david-lynch-socks-for-bobby,8.125,False,Other
HTC Pedestal Roller,1625,100,200,https://www.juliensauctions.com/en/items/1426590/david-lynch-htc-pedestal-roller,8.125,False,Other
AJA IOXT Professional Capture and Playback Device for Thunderbolt,1300,100,200,https://www.juliensauctions.com/en/items/1426485/david-lynch-aja-ioxt-professional-capture-and-playback-device-for-thunderbolt,6.5,False,Other
"""The Elephant Man"" Blu-Ray and Button Group",1300,100,200,https://www.juliensauctions.com/en/items/1426216/david-lynch-the-elephant-man-blu-ray-and-button-group,6.5,False,Other
"""Eyemazing Susan"" Volumes Inscribed to David Lynch",1300,200,300,https://www.juliensauctions.com/en/items/1426453/david-lynch-eyemazing-susan-volumes-inscribed-to-david-lynch,4.333333333333333,False,Other
Light Stands with Carrying Cases,1300,200,300,https://www.juliensauctions.com/en/items/1426272/david-lynch-light-stands-with-carrying-cases,4.333333333333333,False,Lighting
JTL Everlight Kit,1170,400,600,https://www.juliensauctions.com/en/items/1426313/david-lynch-jtl-everlight-kit,1.95,False,Lighting
EcoloBlue Atmospheric Water Generator,910,400,600,https://www.juliensauctions.com/en/items/1426613/david-lynch-ecoloblue-atmospheric-water-generator,1.5166666666666666,False,Other
